ID,Name,Nexus_File,rooted,type,method,scaling,Source
summary,TREE1,summary.trees,true,summary,bayesian,years,Bouckaert2012
posterior-1,STATE_75190000,posterior.trees,true,sample,bayesian,years,Bouckaert2012
posterior-2,STATE_50540000,posterior.trees,true,sample,bayesian,years,Bouckaert2012
posterior-3,STATE_73050000,posterior.trees,true,sample,bayesian,years,Bouckaert2012
posterior-4,STATE_19280000,posterior.trees,true,sample,bayesian,years,Bouckaert2012
posterior-5,STATE_41490000,posterior.trees,true,sample,bayesian,years,Bouckaert2012
posterior-6,STATE_16020000,posterior.trees,true,sample,bayesian,years,Bouckaert2012
posterior-7,STATE_53270000,posterior.trees,true,sample,bayesian,years,Bouckaert2012
posterior-8,STATE_83700000,posterior.trees,true,sample,bayesian,years,Bouckaert2012
posterior-9,STATE_102320000,posterior.trees,true,sample,bayesian,years,Bouckaert2012
posterior-10,STATE_92170000,posterior.trees,true,sample,bayesian,years,Bouckaert2012
posterior-11,STATE_47150000,posterior.trees,true,sample,bayesian,years,Bouckaert2012
posterior-12,STATE_20830000,posterior.trees,true,sample,bayesian,years,Bouckaert2012
posterior-13,STATE_33540000,posterior.trees,true,sample,bayesian,years,Bouckaert2012
posterior-14,STATE_44450000,posterior.trees,true,sample,bayesian,years,Bouckaert2012
posterior-15,STATE_25150000,posterior.trees,true,sample,bayesian,years,Bouckaert2012
posterior-16,STATE_83570000,posterior.trees,true,sample,bayesian,years,Bouckaert2012
posterior-17,STATE_92740000,posterior.trees,true,sample,bayesian,years,Bouckaert2012
posterior-18,STATE_65620000,posterior.trees,true,sample,bayesian,years,Bouckaert2012
posterior-19,STATE_93530000,posterior.trees,true,sample,bayesian,years,Bouckaert2012
posterior-20,STATE_16310000,posterior.trees,true,sample,bayesian,years,Bouckaert2012
posterior-21,STATE_42290000,posterior.trees,true,sample,bayesian,years,Bouckaert2012
posterior-22,STATE_68600000,posterior.trees,true,sample,bayesian,years,Bouckaert2012
posterior-23,STATE_28130000,posterior.trees,true,sample,bayesian,years,Bouckaert2012
posterior-24,STATE_60690000,posterior.trees,true,sample,bayesian,years,Bouckaert2012
posterior-25,STATE_53520000,posterior.trees,true,sample,bayesian,years,Bouckaert2012
posterior-26,STATE_10670000,posterior.trees,true,sample,bayesian,years,Bouckaert2012
posterior-27,STATE_36650000,posterior.trees,true,sample,bayesian,years,Bouckaert2012
posterior-28,STATE_81480000,posterior.trees,true,sample,bayesian,years,Bouckaert2012
posterior-29,STATE_87690000,posterior.trees,true,sample,bayesian,years,Bouckaert2012
posterior-30,STATE_82400000,posterior.trees,true,sample,bayesian,years,Bouckaert2012
posterior-31,STATE_35990000,posterior.trees,true,sample,bayesian,years,Bouckaert2012
posterior-32,STATE_86670000,posterior.trees,true,sample,bayesian,years,Bouckaert2012
posterior-33,STATE_15930000,posterior.trees,true,sample,bayesian,years,Bouckaert2012
posterior-34,STATE_61860000,posterior.trees,true,sample,bayesian,years,Bouckaert2012
posterior-35,STATE_76070000,posterior.trees,true,sample,bayesian,years,Bouckaert2012
posterior-36,STATE_36470000,posterior.trees,true,sample,bayesian,years,Bouckaert2012
posterior-37,STATE_96360000,posterior.trees,true,sample,bayesian,years,Bouckaert2012
posterior-38,STATE_70620000,posterior.trees,true,sample,bayesian,years,Bouckaert2012
posterior-39,STATE_52890000,posterior.trees,true,sample,bayesian,years,Bouckaert2012
posterior-40,STATE_68650000,posterior.trees,true,sample,bayesian,years,Bouckaert2012
posterior-41,STATE_77090000,posterior.trees,true,sample,bayesian,years,Bouckaert2012
posterior-42,STATE_33950000,posterior.trees,true,sample,bayesian,years,Bouckaert2012
posterior-43,STATE_22230000,posterior.trees,true,sample,bayesian,years,Bouckaert2012
posterior-44,STATE_91200000,posterior.trees,true,sample,bayesian,years,Bouckaert2012
posterior-45,STATE_17740000,posterior.trees,true,sample,bayesian,years,Bouckaert2012
posterior-46,STATE_99790000,posterior.trees,true,sample,bayesian,years,Bouckaert2012
posterior-47,STATE_41550000,posterior.trees,true,sample,bayesian,years,Bouckaert2012
posterior-48,STATE_104110000,posterior.trees,true,sample,bayesian,years,Bouckaert2012
posterior-49,STATE_29050000,posterior.trees,true,sample,bayesian,years,Bouckaert2012
posterior-50,STATE_53010000,posterior.trees,true,sample,bayesian,years,Bouckaert2012
posterior-51,STATE_70140000,posterior.trees,true,sample,bayesian,years,Bouckaert2012
posterior-52,STATE_41970000,posterior.trees,true,sample,bayesian,years,Bouckaert2012
posterior-53,STATE_28160000,posterior.trees,true,sample,bayesian,years,Bouckaert2012
posterior-54,STATE_84530000,posterior.trees,true,sample,bayesian,years,Bouckaert2012
posterior-55,STATE_96460000,posterior.trees,true,sample,bayesian,years,Bouckaert2012
posterior-56,STATE_37610000,posterior.trees,true,sample,bayesian,years,Bouckaert2012
posterior-57,STATE_50800000,posterior.trees,true,sample,bayesian,years,Bouckaert2012
posterior-58,STATE_102380000,posterior.trees,true,sample,bayesian,years,Bouckaert2012
posterior-59,STATE_53530000,posterior.trees,true,sample,bayesian,years,Bouckaert2012
posterior-60,STATE_56960000,posterior.trees,true,sample,bayesian,years,Bouckaert2012
posterior-61,STATE_93730000,posterior.trees,true,sample,bayesian,years,Bouckaert2012
posterior-62,STATE_59820000,posterior.trees,true,sample,bayesian,years,Bouckaert2012
posterior-63,STATE_95470000,posterior.trees,true,sample,bayesian,years,Bouckaert2012
posterior-64,STATE_61580000,posterior.trees,true,sample,bayesian,years,Bouckaert2012
posterior-65,STATE_27710000,posterior.trees,true,sample,bayesian,years,Bouckaert2012
posterior-66,STATE_47600000,posterior.trees,true,sample,bayesian,years,Bouckaert2012
posterior-67,STATE_27790000,posterior.trees,true,sample,bayesian,years,Bouckaert2012
posterior-68,STATE_28810000,posterior.trees,true,sample,bayesian,years,Bouckaert2012
posterior-69,STATE_63850000,posterior.trees,true,sample,bayesian,years,Bouckaert2012
posterior-70,STATE_44380000,posterior.trees,true,sample,bayesian,years,Bouckaert2012
posterior-71,STATE_31990000,posterior.trees,true,sample,bayesian,years,Bouckaert2012
posterior-72,STATE_98270000,posterior.trees,true,sample,bayesian,years,Bouckaert2012
posterior-73,STATE_25610000,posterior.trees,true,sample,bayesian,years,Bouckaert2012
posterior-74,STATE_41630000,posterior.trees,true,sample,bayesian,years,Bouckaert2012
posterior-75,STATE_82350000,posterior.trees,true,sample,bayesian,years,Bouckaert2012
posterior-76,STATE_39270000,posterior.trees,true,sample,bayesian,years,Bouckaert2012
posterior-77,STATE_44950000,posterior.trees,true,sample,bayesian,years,Bouckaert2012
posterior-78,STATE_104540000,posterior.trees,true,sample,bayesian,years,Bouckaert2012
posterior-79,STATE_17900000,posterior.trees,true,sample,bayesian,years,Bouckaert2012
posterior-80,STATE_86190000,posterior.trees,true,sample,bayesian,years,Bouckaert2012
posterior-81,STATE_43500000,posterior.trees,true,sample,bayesian,years,Bouckaert2012
posterior-82,STATE_36270000,posterior.trees,true,sample,bayesian,years,Bouckaert2012
posterior-83,STATE_70030000,posterior.trees,true,sample,bayesian,years,Bouckaert2012
posterior-84,STATE_27150000,posterior.trees,true,sample,bayesian,years,Bouckaert2012
posterior-85,STATE_84090000,posterior.trees,true,sample,bayesian,years,Bouckaert2012
posterior-86,STATE_13100000,posterior.trees,true,sample,bayesian,years,Bouckaert2012
posterior-87,STATE_30210000,posterior.trees,true,sample,bayesian,years,Bouckaert2012
posterior-88,STATE_28460000,posterior.trees,true,sample,bayesian,years,Bouckaert2012
posterior-89,STATE_103380000,posterior.trees,true,sample,bayesian,years,Bouckaert2012
posterior-90,STATE_10280000,posterior.trees,true,sample,bayesian,years,Bouckaert2012
posterior-91,STATE_97490000,posterior.trees,true,sample,bayesian,years,Bouckaert2012
posterior-92,STATE_20280000,posterior.trees,true,sample,bayesian,years,Bouckaert2012
posterior-93,STATE_47660000,posterior.trees,true,sample,bayesian,years,Bouckaert2012
posterior-94,STATE_30750000,posterior.trees,true,sample,bayesian,years,Bouckaert2012
posterior-95,STATE_74110000,posterior.trees,true,sample,bayesian,years,Bouckaert2012
posterior-96,STATE_50250000,posterior.trees,true,sample,bayesian,years,Bouckaert2012
posterior-97,STATE_65290000,posterior.trees,true,sample,bayesian,years,Bouckaert2012
posterior-98,STATE_47820000,posterior.trees,true,sample,bayesian,years,Bouckaert2012
posterior-99,STATE_71790000,posterior.trees,true,sample,bayesian,years,Bouckaert2012
posterior-100,STATE_60620000,posterior.trees,true,sample,bayesian,years,Bouckaert2012
posterior-101,STATE_44390000,posterior.trees,true,sample,bayesian,years,Bouckaert2012
posterior-102,STATE_69650000,posterior.trees,true,sample,bayesian,years,Bouckaert2012
posterior-103,STATE_99480000,posterior.trees,true,sample,bayesian,years,Bouckaert2012
posterior-104,STATE_88060000,posterior.trees,true,sample,bayesian,years,Bouckaert2012
posterior-105,STATE_104300000,posterior.trees,true,sample,bayesian,years,Bouckaert2012
posterior-106,STATE_56040000,posterior.trees,true,sample,bayesian,years,Bouckaert2012
posterior-107,STATE_104050000,posterior.trees,true,sample,bayesian,years,Bouckaert2012
posterior-108,STATE_102530000,posterior.trees,true,sample,bayesian,years,Bouckaert2012
posterior-109,STATE_54690000,posterior.trees,true,sample,bayesian,years,Bouckaert2012
posterior-110,STATE_102440000,posterior.trees,true,sample,bayesian,years,Bouckaert2012
posterior-111,STATE_94960000,posterior.trees,true,sample,bayesian,years,Bouckaert2012
posterior-112,STATE_22080000,posterior.trees,true,sample,bayesian,years,Bouckaert2012
posterior-113,STATE_59440000,posterior.trees,true,sample,bayesian,years,Bouckaert2012
posterior-114,STATE_89470000,posterior.trees,true,sample,bayesian,years,Bouckaert2012
posterior-115,STATE_66720000,posterior.trees,true,sample,bayesian,years,Bouckaert2012
posterior-116,STATE_38430000,posterior.trees,true,sample,bayesian,years,Bouckaert2012
posterior-117,STATE_90860000,posterior.trees,true,sample,bayesian,years,Bouckaert2012
posterior-118,STATE_39290000,posterior.trees,true,sample,bayesian,years,Bouckaert2012
posterior-119,STATE_104140000,posterior.trees,true,sample,bayesian,years,Bouckaert2012
posterior-120,STATE_61170000,posterior.trees,true,sample,bayesian,years,Bouckaert2012
posterior-121,STATE_102540000,posterior.trees,true,sample,bayesian,years,Bouckaert2012
posterior-122,STATE_97450000,posterior.trees,true,sample,bayesian,years,Bouckaert2012
posterior-123,STATE_73920000,posterior.trees,true,sample,bayesian,years,Bouckaert2012
posterior-124,STATE_19600000,posterior.trees,true,sample,bayesian,years,Bouckaert2012
posterior-125,STATE_22790000,posterior.trees,true,sample,bayesian,years,Bouckaert2012
posterior-126,STATE_26390000,posterior.trees,true,sample,bayesian,years,Bouckaert2012
posterior-127,STATE_71490000,posterior.trees,true,sample,bayesian,years,Bouckaert2012
posterior-128,STATE_17640000,posterior.trees,true,sample,bayesian,years,Bouckaert2012
posterior-129,STATE_56010000,posterior.trees,true,sample,bayesian,years,Bouckaert2012
posterior-130,STATE_34910000,posterior.trees,true,sample,bayesian,years,Bouckaert2012
posterior-131,STATE_12330000,posterior.trees,true,sample,bayesian,years,Bouckaert2012
posterior-132,STATE_23440000,posterior.trees,true,sample,bayesian,years,Bouckaert2012
posterior-133,STATE_84870000,posterior.trees,true,sample,bayesian,years,Bouckaert2012
posterior-134,STATE_70100000,posterior.trees,true,sample,bayesian,years,Bouckaert2012
posterior-135,STATE_102480000,posterior.trees,true,sample,bayesian,years,Bouckaert2012
posterior-136,STATE_94800000,posterior.trees,true,sample,bayesian,years,Bouckaert2012
posterior-137,STATE_60030000,posterior.trees,true,sample,bayesian,years,Bouckaert2012
posterior-138,STATE_13580000,posterior.trees,true,sample,bayesian,years,Bouckaert2012
posterior-139,STATE_104560000,posterior.trees,true,sample,bayesian,years,Bouckaert2012
posterior-140,STATE_20070000,posterior.trees,true,sample,bayesian,years,Bouckaert2012
posterior-141,STATE_53250000,posterior.trees,true,sample,bayesian,years,Bouckaert2012
posterior-142,STATE_51410000,posterior.trees,true,sample,bayesian,years,Bouckaert2012
posterior-143,STATE_18130000,posterior.trees,true,sample,bayesian,years,Bouckaert2012
posterior-144,STATE_69560000,posterior.trees,true,sample,bayesian,years,Bouckaert2012
posterior-145,STATE_93460000,posterior.trees,true,sample,bayesian,years,Bouckaert2012
posterior-146,STATE_27180000,posterior.trees,true,sample,bayesian,years,Bouckaert2012
posterior-147,STATE_71440000,posterior.trees,true,sample,bayesian,years,Bouckaert2012
posterior-148,STATE_48510000,posterior.trees,true,sample,bayesian,years,Bouckaert2012
posterior-149,STATE_28540000,posterior.trees,true,sample,bayesian,years,Bouckaert2012
posterior-150,STATE_16240000,posterior.trees,true,sample,bayesian,years,Bouckaert2012
posterior-151,STATE_73560000,posterior.trees,true,sample,bayesian,years,Bouckaert2012
posterior-152,STATE_104400000,posterior.trees,true,sample,bayesian,years,Bouckaert2012
posterior-153,STATE_88370000,posterior.trees,true,sample,bayesian,years,Bouckaert2012
posterior-154,STATE_88020000,posterior.trees,true,sample,bayesian,years,Bouckaert2012
posterior-155,STATE_53020000,posterior.trees,true,sample,bayesian,years,Bouckaert2012
posterior-156,STATE_85200000,posterior.trees,true,sample,bayesian,years,Bouckaert2012
posterior-157,STATE_58080000,posterior.trees,true,sample,bayesian,years,Bouckaert2012
posterior-158,STATE_93030000,posterior.trees,true,sample,bayesian,years,Bouckaert2012
posterior-159,STATE_28010000,posterior.trees,true,sample,bayesian,years,Bouckaert2012
posterior-160,STATE_26560000,posterior.trees,true,sample,bayesian,years,Bouckaert2012
posterior-161,STATE_93810000,posterior.trees,true,sample,bayesian,years,Bouckaert2012
posterior-162,STATE_46470000,posterior.trees,true,sample,bayesian,years,Bouckaert2012
posterior-163,STATE_15410000,posterior.trees,true,sample,bayesian,years,Bouckaert2012
posterior-164,STATE_29030000,posterior.trees,true,sample,bayesian,years,Bouckaert2012
posterior-165,STATE_98610000,posterior.trees,true,sample,bayesian,years,Bouckaert2012
posterior-166,STATE_93820000,posterior.trees,true,sample,bayesian,years,Bouckaert2012
posterior-167,STATE_21180000,posterior.trees,true,sample,bayesian,years,Bouckaert2012
posterior-168,STATE_34380000,posterior.trees,true,sample,bayesian,years,Bouckaert2012
posterior-169,STATE_37500000,posterior.trees,true,sample,bayesian,years,Bouckaert2012
posterior-170,STATE_87300000,posterior.trees,true,sample,bayesian,years,Bouckaert2012
posterior-171,STATE_68910000,posterior.trees,true,sample,bayesian,years,Bouckaert2012
posterior-172,STATE_103970000,posterior.trees,true,sample,bayesian,years,Bouckaert2012
posterior-173,STATE_61570000,posterior.trees,true,sample,bayesian,years,Bouckaert2012
posterior-174,STATE_94450000,posterior.trees,true,sample,bayesian,years,Bouckaert2012
posterior-175,STATE_79870000,posterior.trees,true,sample,bayesian,years,Bouckaert2012
posterior-176,STATE_26220000,posterior.trees,true,sample,bayesian,years,Bouckaert2012
posterior-177,STATE_103500000,posterior.trees,true,sample,bayesian,years,Bouckaert2012
posterior-178,STATE_90400000,posterior.trees,true,sample,bayesian,years,Bouckaert2012
posterior-179,STATE_39310000,posterior.trees,true,sample,bayesian,years,Bouckaert2012
posterior-180,STATE_42760000,posterior.trees,true,sample,bayesian,years,Bouckaert2012
posterior-181,STATE_63840000,posterior.trees,true,sample,bayesian,years,Bouckaert2012
posterior-182,STATE_81260000,posterior.trees,true,sample,bayesian,years,Bouckaert2012
posterior-183,STATE_94460000,posterior.trees,true,sample,bayesian,years,Bouckaert2012
posterior-184,STATE_101890000,posterior.trees,true,sample,bayesian,years,Bouckaert2012
posterior-185,STATE_48350000,posterior.trees,true,sample,bayesian,years,Bouckaert2012
posterior-186,STATE_90790000,posterior.trees,true,sample,bayesian,years,Bouckaert2012
posterior-187,STATE_17730000,posterior.trees,true,sample,bayesian,years,Bouckaert2012
posterior-188,STATE_40440000,posterior.trees,true,sample,bayesian,years,Bouckaert2012
posterior-189,STATE_15800000,posterior.trees,true,sample,bayesian,years,Bouckaert2012
posterior-190,STATE_83170000,posterior.trees,true,sample,bayesian,years,Bouckaert2012
posterior-191,STATE_78690000,posterior.trees,true,sample,bayesian,years,Bouckaert2012
posterior-192,STATE_11520000,posterior.trees,true,sample,bayesian,years,Bouckaert2012
posterior-193,STATE_42950000,posterior.trees,true,sample,bayesian,years,Bouckaert2012
posterior-194,STATE_75470000,posterior.trees,true,sample,bayesian,years,Bouckaert2012
posterior-195,STATE_83310000,posterior.trees,true,sample,bayesian,years,Bouckaert2012
posterior-196,STATE_68210000,posterior.trees,true,sample,bayesian,years,Bouckaert2012
posterior-197,STATE_26600000,posterior.trees,true,sample,bayesian,years,Bouckaert2012
posterior-198,STATE_47280000,posterior.trees,true,sample,bayesian,years,Bouckaert2012
posterior-199,STATE_50470000,posterior.trees,true,sample,bayesian,years,Bouckaert2012
posterior-200,STATE_31880000,posterior.trees,true,sample,bayesian,years,Bouckaert2012
posterior-201,STATE_85600000,posterior.trees,true,sample,bayesian,years,Bouckaert2012
posterior-202,STATE_42150000,posterior.trees,true,sample,bayesian,years,Bouckaert2012
posterior-203,STATE_87220000,posterior.trees,true,sample,bayesian,years,Bouckaert2012
posterior-204,STATE_54890000,posterior.trees,true,sample,bayesian,years,Bouckaert2012
posterior-205,STATE_60090000,posterior.trees,true,sample,bayesian,years,Bouckaert2012
posterior-206,STATE_54180000,posterior.trees,true,sample,bayesian,years,Bouckaert2012
posterior-207,STATE_83000000,posterior.trees,true,sample,bayesian,years,Bouckaert2012
posterior-208,STATE_54580000,posterior.trees,true,sample,bayesian,years,Bouckaert2012
posterior-209,STATE_87680000,posterior.trees,true,sample,bayesian,years,Bouckaert2012
posterior-210,STATE_50920000,posterior.trees,true,sample,bayesian,years,Bouckaert2012
posterior-211,STATE_91350000,posterior.trees,true,sample,bayesian,years,Bouckaert2012
posterior-212,STATE_61200000,posterior.trees,true,sample,bayesian,years,Bouckaert2012
posterior-213,STATE_24530000,posterior.trees,true,sample,bayesian,years,Bouckaert2012
posterior-214,STATE_95660000,posterior.trees,true,sample,bayesian,years,Bouckaert2012
posterior-215,STATE_18770000,posterior.trees,true,sample,bayesian,years,Bouckaert2012
posterior-216,STATE_54200000,posterior.trees,true,sample,bayesian,years,Bouckaert2012
posterior-217,STATE_13850000,posterior.trees,true,sample,bayesian,years,Bouckaert2012
posterior-218,STATE_90700000,posterior.trees,true,sample,bayesian,years,Bouckaert2012
posterior-219,STATE_51570000,posterior.trees,true,sample,bayesian,years,Bouckaert2012
posterior-220,STATE_47590000,posterior.trees,true,sample,bayesian,years,Bouckaert2012
posterior-221,STATE_92440000,posterior.trees,true,sample,bayesian,years,Bouckaert2012
posterior-222,STATE_80710000,posterior.trees,true,sample,bayesian,years,Bouckaert2012
posterior-223,STATE_69320000,posterior.trees,true,sample,bayesian,years,Bouckaert2012
posterior-224,STATE_27310000,posterior.trees,true,sample,bayesian,years,Bouckaert2012
posterior-225,STATE_92770000,posterior.trees,true,sample,bayesian,years,Bouckaert2012
posterior-226,STATE_80340000,posterior.trees,true,sample,bayesian,years,Bouckaert2012
posterior-227,STATE_21750000,posterior.trees,true,sample,bayesian,years,Bouckaert2012
posterior-228,STATE_95430000,posterior.trees,true,sample,bayesian,years,Bouckaert2012
posterior-229,STATE_90080000,posterior.trees,true,sample,bayesian,years,Bouckaert2012
posterior-230,STATE_55610000,posterior.trees,true,sample,bayesian,years,Bouckaert2012
posterior-231,STATE_66180000,posterior.trees,true,sample,bayesian,years,Bouckaert2012
posterior-232,STATE_29170000,posterior.trees,true,sample,bayesian,years,Bouckaert2012
posterior-233,STATE_61350000,posterior.trees,true,sample,bayesian,years,Bouckaert2012
posterior-234,STATE_99640000,posterior.trees,true,sample,bayesian,years,Bouckaert2012
posterior-235,STATE_14490000,posterior.trees,true,sample,bayesian,years,Bouckaert2012
posterior-236,STATE_72820000,posterior.trees,true,sample,bayesian,years,Bouckaert2012
posterior-237,STATE_90900000,posterior.trees,true,sample,bayesian,years,Bouckaert2012
posterior-238,STATE_88260000,posterior.trees,true,sample,bayesian,years,Bouckaert2012
posterior-239,STATE_54550000,posterior.trees,true,sample,bayesian,years,Bouckaert2012
posterior-240,STATE_15660000,posterior.trees,true,sample,bayesian,years,Bouckaert2012
posterior-241,STATE_43100000,posterior.trees,true,sample,bayesian,years,Bouckaert2012
posterior-242,STATE_69530000,posterior.trees,true,sample,bayesian,years,Bouckaert2012
posterior-243,STATE_42770000,posterior.trees,true,sample,bayesian,years,Bouckaert2012
posterior-244,STATE_49460000,posterior.trees,true,sample,bayesian,years,Bouckaert2012
posterior-245,STATE_40040000,posterior.trees,true,sample,bayesian,years,Bouckaert2012
posterior-246,STATE_35960000,posterior.trees,true,sample,bayesian,years,Bouckaert2012
posterior-247,STATE_33680000,posterior.trees,true,sample,bayesian,years,Bouckaert2012
posterior-248,STATE_92530000,posterior.trees,true,sample,bayesian,years,Bouckaert2012
posterior-249,STATE_13620000,posterior.trees,true,sample,bayesian,years,Bouckaert2012
posterior-250,STATE_99730000,posterior.trees,true,sample,bayesian,years,Bouckaert2012
posterior-251,STATE_67010000,posterior.trees,true,sample,bayesian,years,Bouckaert2012
posterior-252,STATE_27040000,posterior.trees,true,sample,bayesian,years,Bouckaert2012
posterior-253,STATE_27290000,posterior.trees,true,sample,bayesian,years,Bouckaert2012
posterior-254,STATE_89160000,posterior.trees,true,sample,bayesian,years,Bouckaert2012
posterior-255,STATE_77040000,posterior.trees,true,sample,bayesian,years,Bouckaert2012
posterior-256,STATE_72000000,posterior.trees,true,sample,bayesian,years,Bouckaert2012
posterior-257,STATE_75820000,posterior.trees,true,sample,bayesian,years,Bouckaert2012
posterior-258,STATE_81070000,posterior.trees,true,sample,bayesian,years,Bouckaert2012
posterior-259,STATE_103630000,posterior.trees,true,sample,bayesian,years,Bouckaert2012
posterior-260,STATE_72120000,posterior.trees,true,sample,bayesian,years,Bouckaert2012
posterior-261,STATE_73380000,posterior.trees,true,sample,bayesian,years,Bouckaert2012
posterior-262,STATE_83590000,posterior.trees,true,sample,bayesian,years,Bouckaert2012
posterior-263,STATE_104020000,posterior.trees,true,sample,bayesian,years,Bouckaert2012
posterior-264,STATE_76760000,posterior.trees,true,sample,bayesian,years,Bouckaert2012
posterior-265,STATE_103810000,posterior.trees,true,sample,bayesian,years,Bouckaert2012
posterior-266,STATE_81030000,posterior.trees,true,sample,bayesian,years,Bouckaert2012
posterior-267,STATE_26810000,posterior.trees,true,sample,bayesian,years,Bouckaert2012
posterior-268,STATE_37070000,posterior.trees,true,sample,bayesian,years,Bouckaert2012
posterior-269,STATE_47230000,posterior.trees,true,sample,bayesian,years,Bouckaert2012
posterior-270,STATE_76880000,posterior.trees,true,sample,bayesian,years,Bouckaert2012
posterior-271,STATE_102410000,posterior.trees,true,sample,bayesian,years,Bouckaert2012
posterior-272,STATE_74270000,posterior.trees,true,sample,bayesian,years,Bouckaert2012
posterior-273,STATE_19170000,posterior.trees,true,sample,bayesian,years,Bouckaert2012
posterior-274,STATE_87530000,posterior.trees,true,sample,bayesian,years,Bouckaert2012
posterior-275,STATE_19480000,posterior.trees,true,sample,bayesian,years,Bouckaert2012
posterior-276,STATE_59970000,posterior.trees,true,sample,bayesian,years,Bouckaert2012
posterior-277,STATE_87410000,posterior.trees,true,sample,bayesian,years,Bouckaert2012
posterior-278,STATE_33160000,posterior.trees,true,sample,bayesian,years,Bouckaert2012
posterior-279,STATE_49400000,posterior.trees,true,sample,bayesian,years,Bouckaert2012
posterior-280,STATE_74210000,posterior.trees,true,sample,bayesian,years,Bouckaert2012
posterior-281,STATE_74130000,posterior.trees,true,sample,bayesian,years,Bouckaert2012
posterior-282,STATE_82330000,posterior.trees,true,sample,bayesian,years,Bouckaert2012
posterior-283,STATE_32460000,posterior.trees,true,sample,bayesian,years,Bouckaert2012
posterior-284,STATE_63720000,posterior.trees,true,sample,bayesian,years,Bouckaert2012
posterior-285,STATE_14960000,posterior.trees,true,sample,bayesian,years,Bouckaert2012
posterior-286,STATE_69570000,posterior.trees,true,sample,bayesian,years,Bouckaert2012
posterior-287,STATE_99780000,posterior.trees,true,sample,bayesian,years,Bouckaert2012
posterior-288,STATE_36120000,posterior.trees,true,sample,bayesian,years,Bouckaert2012
posterior-289,STATE_72050000,posterior.trees,true,sample,bayesian,years,Bouckaert2012
posterior-290,STATE_44330000,posterior.trees,true,sample,bayesian,years,Bouckaert2012
posterior-291,STATE_21580000,posterior.trees,true,sample,bayesian,years,Bouckaert2012
posterior-292,STATE_99850000,posterior.trees,true,sample,bayesian,years,Bouckaert2012
posterior-293,STATE_97440000,posterior.trees,true,sample,bayesian,years,Bouckaert2012
posterior-294,STATE_51640000,posterior.trees,true,sample,bayesian,years,Bouckaert2012
posterior-295,STATE_101940000,posterior.trees,true,sample,bayesian,years,Bouckaert2012
posterior-296,STATE_63980000,posterior.trees,true,sample,bayesian,years,Bouckaert2012
posterior-297,STATE_35620000,posterior.trees,true,sample,bayesian,years,Bouckaert2012
posterior-298,STATE_37200000,posterior.trees,true,sample,bayesian,years,Bouckaert2012
posterior-299,STATE_42310000,posterior.trees,true,sample,bayesian,years,Bouckaert2012
posterior-300,STATE_84810000,posterior.trees,true,sample,bayesian,years,Bouckaert2012
posterior-301,STATE_86720000,posterior.trees,true,sample,bayesian,years,Bouckaert2012
posterior-302,STATE_101200000,posterior.trees,true,sample,bayesian,years,Bouckaert2012
posterior-303,STATE_56900000,posterior.trees,true,sample,bayesian,years,Bouckaert2012
posterior-304,STATE_93880000,posterior.trees,true,sample,bayesian,years,Bouckaert2012
posterior-305,STATE_87150000,posterior.trees,true,sample,bayesian,years,Bouckaert2012
posterior-306,STATE_73800000,posterior.trees,true,sample,bayesian,years,Bouckaert2012
posterior-307,STATE_18810000,posterior.trees,true,sample,bayesian,years,Bouckaert2012
posterior-308,STATE_103620000,posterior.trees,true,sample,bayesian,years,Bouckaert2012
posterior-309,STATE_87830000,posterior.trees,true,sample,bayesian,years,Bouckaert2012
posterior-310,STATE_71080000,posterior.trees,true,sample,bayesian,years,Bouckaert2012
posterior-311,STATE_13040000,posterior.trees,true,sample,bayesian,years,Bouckaert2012
posterior-312,STATE_98980000,posterior.trees,true,sample,bayesian,years,Bouckaert2012
posterior-313,STATE_13550000,posterior.trees,true,sample,bayesian,years,Bouckaert2012
posterior-314,STATE_97840000,posterior.trees,true,sample,bayesian,years,Bouckaert2012
posterior-315,STATE_95830000,posterior.trees,true,sample,bayesian,years,Bouckaert2012
posterior-316,STATE_28790000,posterior.trees,true,sample,bayesian,years,Bouckaert2012
posterior-317,STATE_10640000,posterior.trees,true,sample,bayesian,years,Bouckaert2012
posterior-318,STATE_100540000,posterior.trees,true,sample,bayesian,years,Bouckaert2012
posterior-319,STATE_38180000,posterior.trees,true,sample,bayesian,years,Bouckaert2012
posterior-320,STATE_65660000,posterior.trees,true,sample,bayesian,years,Bouckaert2012
posterior-321,STATE_76210000,posterior.trees,true,sample,bayesian,years,Bouckaert2012
posterior-322,STATE_43060000,posterior.trees,true,sample,bayesian,years,Bouckaert2012
posterior-323,STATE_53330000,posterior.trees,true,sample,bayesian,years,Bouckaert2012
posterior-324,STATE_55170000,posterior.trees,true,sample,bayesian,years,Bouckaert2012
posterior-325,STATE_102980000,posterior.trees,true,sample,bayesian,years,Bouckaert2012
posterior-326,STATE_37280000,posterior.trees,true,sample,bayesian,years,Bouckaert2012
posterior-327,STATE_85830000,posterior.trees,true,sample,bayesian,years,Bouckaert2012
posterior-328,STATE_83870000,posterior.trees,true,sample,bayesian,years,Bouckaert2012
posterior-329,STATE_101110000,posterior.trees,true,sample,bayesian,years,Bouckaert2012
posterior-330,STATE_62730000,posterior.trees,true,sample,bayesian,years,Bouckaert2012
posterior-331,STATE_68450000,posterior.trees,true,sample,bayesian,years,Bouckaert2012
posterior-332,STATE_57670000,posterior.trees,true,sample,bayesian,years,Bouckaert2012
posterior-333,STATE_78980000,posterior.trees,true,sample,bayesian,years,Bouckaert2012
posterior-334,STATE_85550000,posterior.trees,true,sample,bayesian,years,Bouckaert2012
posterior-335,STATE_20320000,posterior.trees,true,sample,bayesian,years,Bouckaert2012
posterior-336,STATE_25720000,posterior.trees,true,sample,bayesian,years,Bouckaert2012
posterior-337,STATE_35550000,posterior.trees,true,sample,bayesian,years,Bouckaert2012
posterior-338,STATE_77140000,posterior.trees,true,sample,bayesian,years,Bouckaert2012
posterior-339,STATE_93510000,posterior.trees,true,sample,bayesian,years,Bouckaert2012
posterior-340,STATE_10990000,posterior.trees,true,sample,bayesian,years,Bouckaert2012
posterior-341,STATE_27300000,posterior.trees,true,sample,bayesian,years,Bouckaert2012
posterior-342,STATE_63870000,posterior.trees,true,sample,bayesian,years,Bouckaert2012
posterior-343,STATE_57150000,posterior.trees,true,sample,bayesian,years,Bouckaert2012
posterior-344,STATE_36370000,posterior.trees,true,sample,bayesian,years,Bouckaert2012
posterior-345,STATE_80250000,posterior.trees,true,sample,bayesian,years,Bouckaert2012
posterior-346,STATE_73780000,posterior.trees,true,sample,bayesian,years,Bouckaert2012
posterior-347,STATE_46940000,posterior.trees,true,sample,bayesian,years,Bouckaert2012
posterior-348,STATE_43900000,posterior.trees,true,sample,bayesian,years,Bouckaert2012
posterior-349,STATE_60210000,posterior.trees,true,sample,bayesian,years,Bouckaert2012
posterior-350,STATE_44810000,posterior.trees,true,sample,bayesian,years,Bouckaert2012
posterior-351,STATE_95020000,posterior.trees,true,sample,bayesian,years,Bouckaert2012
posterior-352,STATE_51250000,posterior.trees,true,sample,bayesian,years,Bouckaert2012
posterior-353,STATE_75150000,posterior.trees,true,sample,bayesian,years,Bouckaert2012
posterior-354,STATE_58750000,posterior.trees,true,sample,bayesian,years,Bouckaert2012
posterior-355,STATE_62850000,posterior.trees,true,sample,bayesian,years,Bouckaert2012
posterior-356,STATE_87540000,posterior.trees,true,sample,bayesian,years,Bouckaert2012
posterior-357,STATE_22810000,posterior.trees,true,sample,bayesian,years,Bouckaert2012
posterior-358,STATE_97940000,posterior.trees,true,sample,bayesian,years,Bouckaert2012
posterior-359,STATE_16320000,posterior.trees,true,sample,bayesian,years,Bouckaert2012
posterior-360,STATE_62150000,posterior.trees,true,sample,bayesian,years,Bouckaert2012
posterior-361,STATE_10840000,posterior.trees,true,sample,bayesian,years,Bouckaert2012
posterior-362,STATE_96660000,posterior.trees,true,sample,bayesian,years,Bouckaert2012
posterior-363,STATE_95010000,posterior.trees,true,sample,bayesian,years,Bouckaert2012
posterior-364,STATE_83710000,posterior.trees,true,sample,bayesian,years,Bouckaert2012
posterior-365,STATE_86270000,posterior.trees,true,sample,bayesian,years,Bouckaert2012
posterior-366,STATE_35650000,posterior.trees,true,sample,bayesian,years,Bouckaert2012
posterior-367,STATE_19000000,posterior.trees,true,sample,bayesian,years,Bouckaert2012
posterior-368,STATE_36620000,posterior.trees,true,sample,bayesian,years,Bouckaert2012
posterior-369,STATE_77320000,posterior.trees,true,sample,bayesian,years,Bouckaert2012
posterior-370,STATE_74000000,posterior.trees,true,sample,bayesian,years,Bouckaert2012
posterior-371,STATE_102170000,posterior.trees,true,sample,bayesian,years,Bouckaert2012
posterior-372,STATE_95240000,posterior.trees,true,sample,bayesian,years,Bouckaert2012
posterior-373,STATE_57700000,posterior.trees,true,sample,bayesian,years,Bouckaert2012
posterior-374,STATE_90410000,posterior.trees,true,sample,bayesian,years,Bouckaert2012
posterior-375,STATE_49000000,posterior.trees,true,sample,bayesian,years,Bouckaert2012
posterior-376,STATE_35090000,posterior.trees,true,sample,bayesian,years,Bouckaert2012
posterior-377,STATE_11960000,posterior.trees,true,sample,bayesian,years,Bouckaert2012
posterior-378,STATE_61020000,posterior.trees,true,sample,bayesian,years,Bouckaert2012
posterior-379,STATE_25530000,posterior.trees,true,sample,bayesian,years,Bouckaert2012
posterior-380,STATE_59730000,posterior.trees,true,sample,bayesian,years,Bouckaert2012
posterior-381,STATE_52630000,posterior.trees,true,sample,bayesian,years,Bouckaert2012
posterior-382,STATE_72460000,posterior.trees,true,sample,bayesian,years,Bouckaert2012
posterior-383,STATE_102760000,posterior.trees,true,sample,bayesian,years,Bouckaert2012
posterior-384,STATE_89720000,posterior.trees,true,sample,bayesian,years,Bouckaert2012
posterior-385,STATE_31510000,posterior.trees,true,sample,bayesian,years,Bouckaert2012
posterior-386,STATE_19160000,posterior.trees,true,sample,bayesian,years,Bouckaert2012
posterior-387,STATE_12540000,posterior.trees,true,sample,bayesian,years,Bouckaert2012
posterior-388,STATE_21480000,posterior.trees,true,sample,bayesian,years,Bouckaert2012
posterior-389,STATE_60710000,posterior.trees,true,sample,bayesian,years,Bouckaert2012
posterior-390,STATE_75240000,posterior.trees,true,sample,bayesian,years,Bouckaert2012
posterior-391,STATE_96820000,posterior.trees,true,sample,bayesian,years,Bouckaert2012
posterior-392,STATE_21420000,posterior.trees,true,sample,bayesian,years,Bouckaert2012
posterior-393,STATE_19090000,posterior.trees,true,sample,bayesian,years,Bouckaert2012
posterior-394,STATE_63700000,posterior.trees,true,sample,bayesian,years,Bouckaert2012
posterior-395,STATE_44920000,posterior.trees,true,sample,bayesian,years,Bouckaert2012
posterior-396,STATE_76530000,posterior.trees,true,sample,bayesian,years,Bouckaert2012
posterior-397,STATE_17790000,posterior.trees,true,sample,bayesian,years,Bouckaert2012
posterior-398,STATE_11600000,posterior.trees,true,sample,bayesian,years,Bouckaert2012
posterior-399,STATE_101570000,posterior.trees,true,sample,bayesian,years,Bouckaert2012
posterior-400,STATE_14470000,posterior.trees,true,sample,bayesian,years,Bouckaert2012
posterior-401,STATE_99470000,posterior.trees,true,sample,bayesian,years,Bouckaert2012
posterior-402,STATE_19380000,posterior.trees,true,sample,bayesian,years,Bouckaert2012
posterior-403,STATE_89010000,posterior.trees,true,sample,bayesian,years,Bouckaert2012
posterior-404,STATE_28730000,posterior.trees,true,sample,bayesian,years,Bouckaert2012
posterior-405,STATE_54780000,posterior.trees,true,sample,bayesian,years,Bouckaert2012
posterior-406,STATE_48630000,posterior.trees,true,sample,bayesian,years,Bouckaert2012
posterior-407,STATE_80360000,posterior.trees,true,sample,bayesian,years,Bouckaert2012
posterior-408,STATE_28860000,posterior.trees,true,sample,bayesian,years,Bouckaert2012
posterior-409,STATE_13590000,posterior.trees,true,sample,bayesian,years,Bouckaert2012
posterior-410,STATE_41210000,posterior.trees,true,sample,bayesian,years,Bouckaert2012
posterior-411,STATE_26250000,posterior.trees,true,sample,bayesian,years,Bouckaert2012
posterior-412,STATE_55010000,posterior.trees,true,sample,bayesian,years,Bouckaert2012
posterior-413,STATE_98600000,posterior.trees,true,sample,bayesian,years,Bouckaert2012
posterior-414,STATE_46670000,posterior.trees,true,sample,bayesian,years,Bouckaert2012
posterior-415,STATE_85700000,posterior.trees,true,sample,bayesian,years,Bouckaert2012
posterior-416,STATE_33330000,posterior.trees,true,sample,bayesian,years,Bouckaert2012
posterior-417,STATE_85780000,posterior.trees,true,sample,bayesian,years,Bouckaert2012
posterior-418,STATE_22210000,posterior.trees,true,sample,bayesian,years,Bouckaert2012
posterior-419,STATE_90250000,posterior.trees,true,sample,bayesian,years,Bouckaert2012
posterior-420,STATE_85030000,posterior.trees,true,sample,bayesian,years,Bouckaert2012
posterior-421,STATE_58880000,posterior.trees,true,sample,bayesian,years,Bouckaert2012
posterior-422,STATE_39820000,posterior.trees,true,sample,bayesian,years,Bouckaert2012
posterior-423,STATE_72970000,posterior.trees,true,sample,bayesian,years,Bouckaert2012
posterior-424,STATE_25280000,posterior.trees,true,sample,bayesian,years,Bouckaert2012
posterior-425,STATE_75580000,posterior.trees,true,sample,bayesian,years,Bouckaert2012
posterior-426,STATE_17090000,posterior.trees,true,sample,bayesian,years,Bouckaert2012
posterior-427,STATE_82150000,posterior.trees,true,sample,bayesian,years,Bouckaert2012
posterior-428,STATE_32250000,posterior.trees,true,sample,bayesian,years,Bouckaert2012
posterior-429,STATE_34510000,posterior.trees,true,sample,bayesian,years,Bouckaert2012
posterior-430,STATE_95260000,posterior.trees,true,sample,bayesian,years,Bouckaert2012
posterior-431,STATE_54460000,posterior.trees,true,sample,bayesian,years,Bouckaert2012
posterior-432,STATE_35460000,posterior.trees,true,sample,bayesian,years,Bouckaert2012
posterior-433,STATE_96700000,posterior.trees,true,sample,bayesian,years,Bouckaert2012
posterior-434,STATE_52500000,posterior.trees,true,sample,bayesian,years,Bouckaert2012
posterior-435,STATE_14340000,posterior.trees,true,sample,bayesian,years,Bouckaert2012
posterior-436,STATE_36550000,posterior.trees,true,sample,bayesian,years,Bouckaert2012
posterior-437,STATE_50050000,posterior.trees,true,sample,bayesian,years,Bouckaert2012
posterior-438,STATE_65820000,posterior.trees,true,sample,bayesian,years,Bouckaert2012
posterior-439,STATE_21640000,posterior.trees,true,sample,bayesian,years,Bouckaert2012
posterior-440,STATE_90030000,posterior.trees,true,sample,bayesian,years,Bouckaert2012
posterior-441,STATE_18880000,posterior.trees,true,sample,bayesian,years,Bouckaert2012
posterior-442,STATE_94920000,posterior.trees,true,sample,bayesian,years,Bouckaert2012
posterior-443,STATE_42000000,posterior.trees,true,sample,bayesian,years,Bouckaert2012
posterior-444,STATE_49390000,posterior.trees,true,sample,bayesian,years,Bouckaert2012
posterior-445,STATE_32930000,posterior.trees,true,sample,bayesian,years,Bouckaert2012
posterior-446,STATE_48540000,posterior.trees,true,sample,bayesian,years,Bouckaert2012
posterior-447,STATE_74070000,posterior.trees,true,sample,bayesian,years,Bouckaert2012
posterior-448,STATE_63120000,posterior.trees,true,sample,bayesian,years,Bouckaert2012
posterior-449,STATE_40000000,posterior.trees,true,sample,bayesian,years,Bouckaert2012
posterior-450,STATE_70370000,posterior.trees,true,sample,bayesian,years,Bouckaert2012
posterior-451,STATE_76310000,posterior.trees,true,sample,bayesian,years,Bouckaert2012
posterior-452,STATE_36910000,posterior.trees,true,sample,bayesian,years,Bouckaert2012
posterior-453,STATE_41480000,posterior.trees,true,sample,bayesian,years,Bouckaert2012
posterior-454,STATE_31240000,posterior.trees,true,sample,bayesian,years,Bouckaert2012
posterior-455,STATE_57610000,posterior.trees,true,sample,bayesian,years,Bouckaert2012
posterior-456,STATE_101460000,posterior.trees,true,sample,bayesian,years,Bouckaert2012
posterior-457,STATE_41380000,posterior.trees,true,sample,bayesian,years,Bouckaert2012
posterior-458,STATE_102270000,posterior.trees,true,sample,bayesian,years,Bouckaert2012
posterior-459,STATE_56130000,posterior.trees,true,sample,bayesian,years,Bouckaert2012
posterior-460,STATE_82690000,posterior.trees,true,sample,bayesian,years,Bouckaert2012
posterior-461,STATE_21210000,posterior.trees,true,sample,bayesian,years,Bouckaert2012
posterior-462,STATE_73500000,posterior.trees,true,sample,bayesian,years,Bouckaert2012
posterior-463,STATE_42850000,posterior.trees,true,sample,bayesian,years,Bouckaert2012
posterior-464,STATE_99090000,posterior.trees,true,sample,bayesian,years,Bouckaert2012
posterior-465,STATE_56590000,posterior.trees,true,sample,bayesian,years,Bouckaert2012
posterior-466,STATE_23550000,posterior.trees,true,sample,bayesian,years,Bouckaert2012
posterior-467,STATE_35250000,posterior.trees,true,sample,bayesian,years,Bouckaert2012
posterior-468,STATE_83850000,posterior.trees,true,sample,bayesian,years,Bouckaert2012
posterior-469,STATE_10340000,posterior.trees,true,sample,bayesian,years,Bouckaert2012
posterior-470,STATE_92380000,posterior.trees,true,sample,bayesian,years,Bouckaert2012
posterior-471,STATE_101600000,posterior.trees,true,sample,bayesian,years,Bouckaert2012
posterior-472,STATE_38840000,posterior.trees,true,sample,bayesian,years,Bouckaert2012
posterior-473,STATE_103170000,posterior.trees,true,sample,bayesian,years,Bouckaert2012
posterior-474,STATE_92970000,posterior.trees,true,sample,bayesian,years,Bouckaert2012
posterior-475,STATE_52750000,posterior.trees,true,sample,bayesian,years,Bouckaert2012
posterior-476,STATE_25310000,posterior.trees,true,sample,bayesian,years,Bouckaert2012
posterior-477,STATE_46710000,posterior.trees,true,sample,bayesian,years,Bouckaert2012
posterior-478,STATE_22360000,posterior.trees,true,sample,bayesian,years,Bouckaert2012
posterior-479,STATE_50120000,posterior.trees,true,sample,bayesian,years,Bouckaert2012
posterior-480,STATE_36790000,posterior.trees,true,sample,bayesian,years,Bouckaert2012
posterior-481,STATE_39750000,posterior.trees,true,sample,bayesian,years,Bouckaert2012
posterior-482,STATE_31430000,posterior.trees,true,sample,bayesian,years,Bouckaert2012
posterior-483,STATE_24910000,posterior.trees,true,sample,bayesian,years,Bouckaert2012
posterior-484,STATE_99390000,posterior.trees,true,sample,bayesian,years,Bouckaert2012
posterior-485,STATE_42250000,posterior.trees,true,sample,bayesian,years,Bouckaert2012
posterior-486,STATE_89780000,posterior.trees,true,sample,bayesian,years,Bouckaert2012
posterior-487,STATE_64840000,posterior.trees,true,sample,bayesian,years,Bouckaert2012
posterior-488,STATE_29060000,posterior.trees,true,sample,bayesian,years,Bouckaert2012
posterior-489,STATE_42470000,posterior.trees,true,sample,bayesian,years,Bouckaert2012
posterior-490,STATE_42440000,posterior.trees,true,sample,bayesian,years,Bouckaert2012
posterior-491,STATE_10720000,posterior.trees,true,sample,bayesian,years,Bouckaert2012
posterior-492,STATE_40890000,posterior.trees,true,sample,bayesian,years,Bouckaert2012
posterior-493,STATE_24540000,posterior.trees,true,sample,bayesian,years,Bouckaert2012
posterior-494,STATE_85460000,posterior.trees,true,sample,bayesian,years,Bouckaert2012
posterior-495,STATE_42480000,posterior.trees,true,sample,bayesian,years,Bouckaert2012
posterior-496,STATE_50910000,posterior.trees,true,sample,bayesian,years,Bouckaert2012
posterior-497,STATE_17390000,posterior.trees,true,sample,bayesian,years,Bouckaert2012
posterior-498,STATE_77790000,posterior.trees,true,sample,bayesian,years,Bouckaert2012
posterior-499,STATE_91500000,posterior.trees,true,sample,bayesian,years,Bouckaert2012
posterior-500,STATE_99500000,posterior.trees,true,sample,bayesian,years,Bouckaert2012
posterior-501,STATE_100830000,posterior.trees,true,sample,bayesian,years,Bouckaert2012
posterior-502,STATE_74590000,posterior.trees,true,sample,bayesian,years,Bouckaert2012
posterior-503,STATE_46650000,posterior.trees,true,sample,bayesian,years,Bouckaert2012
posterior-504,STATE_41300000,posterior.trees,true,sample,bayesian,years,Bouckaert2012
posterior-505,STATE_16080000,posterior.trees,true,sample,bayesian,years,Bouckaert2012
posterior-506,STATE_35330000,posterior.trees,true,sample,bayesian,years,Bouckaert2012
posterior-507,STATE_52140000,posterior.trees,true,sample,bayesian,years,Bouckaert2012
posterior-508,STATE_77410000,posterior.trees,true,sample,bayesian,years,Bouckaert2012
posterior-509,STATE_57400000,posterior.trees,true,sample,bayesian,years,Bouckaert2012
posterior-510,STATE_64900000,posterior.trees,true,sample,bayesian,years,Bouckaert2012
posterior-511,STATE_18680000,posterior.trees,true,sample,bayesian,years,Bouckaert2012
posterior-512,STATE_37060000,posterior.trees,true,sample,bayesian,years,Bouckaert2012
posterior-513,STATE_37270000,posterior.trees,true,sample,bayesian,years,Bouckaert2012
posterior-514,STATE_46250000,posterior.trees,true,sample,bayesian,years,Bouckaert2012
posterior-515,STATE_27860000,posterior.trees,true,sample,bayesian,years,Bouckaert2012
posterior-516,STATE_23100000,posterior.trees,true,sample,bayesian,years,Bouckaert2012
posterior-517,STATE_39060000,posterior.trees,true,sample,bayesian,years,Bouckaert2012
posterior-518,STATE_73630000,posterior.trees,true,sample,bayesian,years,Bouckaert2012
posterior-519,STATE_42530000,posterior.trees,true,sample,bayesian,years,Bouckaert2012
posterior-520,STATE_34390000,posterior.trees,true,sample,bayesian,years,Bouckaert2012
posterior-521,STATE_98790000,posterior.trees,true,sample,bayesian,years,Bouckaert2012
posterior-522,STATE_31730000,posterior.trees,true,sample,bayesian,years,Bouckaert2012
posterior-523,STATE_46140000,posterior.trees,true,sample,bayesian,years,Bouckaert2012
posterior-524,STATE_22600000,posterior.trees,true,sample,bayesian,years,Bouckaert2012
posterior-525,STATE_53420000,posterior.trees,true,sample,bayesian,years,Bouckaert2012
posterior-526,STATE_89220000,posterior.trees,true,sample,bayesian,years,Bouckaert2012
posterior-527,STATE_24610000,posterior.trees,true,sample,bayesian,years,Bouckaert2012
posterior-528,STATE_63130000,posterior.trees,true,sample,bayesian,years,Bouckaert2012
posterior-529,STATE_71120000,posterior.trees,true,sample,bayesian,years,Bouckaert2012
posterior-530,STATE_27500000,posterior.trees,true,sample,bayesian,years,Bouckaert2012
posterior-531,STATE_25340000,posterior.trees,true,sample,bayesian,years,Bouckaert2012
posterior-532,STATE_38010000,posterior.trees,true,sample,bayesian,years,Bouckaert2012
posterior-533,STATE_31690000,posterior.trees,true,sample,bayesian,years,Bouckaert2012
posterior-534,STATE_90810000,posterior.trees,true,sample,bayesian,years,Bouckaert2012
posterior-535,STATE_69780000,posterior.trees,true,sample,bayesian,years,Bouckaert2012
posterior-536,STATE_22330000,posterior.trees,true,sample,bayesian,years,Bouckaert2012
posterior-537,STATE_49370000,posterior.trees,true,sample,bayesian,years,Bouckaert2012
posterior-538,STATE_70850000,posterior.trees,true,sample,bayesian,years,Bouckaert2012
posterior-539,STATE_86680000,posterior.trees,true,sample,bayesian,years,Bouckaert2012
posterior-540,STATE_96500000,posterior.trees,true,sample,bayesian,years,Bouckaert2012
posterior-541,STATE_74450000,posterior.trees,true,sample,bayesian,years,Bouckaert2012
posterior-542,STATE_44670000,posterior.trees,true,sample,bayesian,years,Bouckaert2012
posterior-543,STATE_13830000,posterior.trees,true,sample,bayesian,years,Bouckaert2012
posterior-544,STATE_71660000,posterior.trees,true,sample,bayesian,years,Bouckaert2012
posterior-545,STATE_76230000,posterior.trees,true,sample,bayesian,years,Bouckaert2012
posterior-546,STATE_49680000,posterior.trees,true,sample,bayesian,years,Bouckaert2012
posterior-547,STATE_60360000,posterior.trees,true,sample,bayesian,years,Bouckaert2012
posterior-548,STATE_58530000,posterior.trees,true,sample,bayesian,years,Bouckaert2012
posterior-549,STATE_55670000,posterior.trees,true,sample,bayesian,years,Bouckaert2012
posterior-550,STATE_82660000,posterior.trees,true,sample,bayesian,years,Bouckaert2012
posterior-551,STATE_91230000,posterior.trees,true,sample,bayesian,years,Bouckaert2012
posterior-552,STATE_30370000,posterior.trees,true,sample,bayesian,years,Bouckaert2012
posterior-553,STATE_94970000,posterior.trees,true,sample,bayesian,years,Bouckaert2012
posterior-554,STATE_68400000,posterior.trees,true,sample,bayesian,years,Bouckaert2012
posterior-555,STATE_21950000,posterior.trees,true,sample,bayesian,years,Bouckaert2012
posterior-556,STATE_23530000,posterior.trees,true,sample,bayesian,years,Bouckaert2012
posterior-557,STATE_45450000,posterior.trees,true,sample,bayesian,years,Bouckaert2012
posterior-558,STATE_87340000,posterior.trees,true,sample,bayesian,years,Bouckaert2012
posterior-559,STATE_30060000,posterior.trees,true,sample,bayesian,years,Bouckaert2012
posterior-560,STATE_78660000,posterior.trees,true,sample,bayesian,years,Bouckaert2012
posterior-561,STATE_50110000,posterior.trees,true,sample,bayesian,years,Bouckaert2012
posterior-562,STATE_38370000,posterior.trees,true,sample,bayesian,years,Bouckaert2012
posterior-563,STATE_50150000,posterior.trees,true,sample,bayesian,years,Bouckaert2012
posterior-564,STATE_88380000,posterior.trees,true,sample,bayesian,years,Bouckaert2012
posterior-565,STATE_25860000,posterior.trees,true,sample,bayesian,years,Bouckaert2012
posterior-566,STATE_11260000,posterior.trees,true,sample,bayesian,years,Bouckaert2012
posterior-567,STATE_22530000,posterior.trees,true,sample,bayesian,years,Bouckaert2012
posterior-568,STATE_77990000,posterior.trees,true,sample,bayesian,years,Bouckaert2012
posterior-569,STATE_46610000,posterior.trees,true,sample,bayesian,years,Bouckaert2012
posterior-570,STATE_62160000,posterior.trees,true,sample,bayesian,years,Bouckaert2012
posterior-571,STATE_37990000,posterior.trees,true,sample,bayesian,years,Bouckaert2012
posterior-572,STATE_46820000,posterior.trees,true,sample,bayesian,years,Bouckaert2012
posterior-573,STATE_53880000,posterior.trees,true,sample,bayesian,years,Bouckaert2012
posterior-574,STATE_91050000,posterior.trees,true,sample,bayesian,years,Bouckaert2012
posterior-575,STATE_33350000,posterior.trees,true,sample,bayesian,years,Bouckaert2012
posterior-576,STATE_14730000,posterior.trees,true,sample,bayesian,years,Bouckaert2012
posterior-577,STATE_27190000,posterior.trees,true,sample,bayesian,years,Bouckaert2012
posterior-578,STATE_70480000,posterior.trees,true,sample,bayesian,years,Bouckaert2012
posterior-579,STATE_74310000,posterior.trees,true,sample,bayesian,years,Bouckaert2012
posterior-580,STATE_74260000,posterior.trees,true,sample,bayesian,years,Bouckaert2012
posterior-581,STATE_27640000,posterior.trees,true,sample,bayesian,years,Bouckaert2012
posterior-582,STATE_36150000,posterior.trees,true,sample,bayesian,years,Bouckaert2012
posterior-583,STATE_104640000,posterior.trees,true,sample,bayesian,years,Bouckaert2012
posterior-584,STATE_59110000,posterior.trees,true,sample,bayesian,years,Bouckaert2012
posterior-585,STATE_47640000,posterior.trees,true,sample,bayesian,years,Bouckaert2012
posterior-586,STATE_95600000,posterior.trees,true,sample,bayesian,years,Bouckaert2012
posterior-587,STATE_12130000,posterior.trees,true,sample,bayesian,years,Bouckaert2012
posterior-588,STATE_72980000,posterior.trees,true,sample,bayesian,years,Bouckaert2012
posterior-589,STATE_80880000,posterior.trees,true,sample,bayesian,years,Bouckaert2012
posterior-590,STATE_64880000,posterior.trees,true,sample,bayesian,years,Bouckaert2012
posterior-591,STATE_81900000,posterior.trees,true,sample,bayesian,years,Bouckaert2012
posterior-592,STATE_84020000,posterior.trees,true,sample,bayesian,years,Bouckaert2012
posterior-593,STATE_55040000,posterior.trees,true,sample,bayesian,years,Bouckaert2012
posterior-594,STATE_84130000,posterior.trees,true,sample,bayesian,years,Bouckaert2012
posterior-595,STATE_39130000,posterior.trees,true,sample,bayesian,years,Bouckaert2012
posterior-596,STATE_47350000,posterior.trees,true,sample,bayesian,years,Bouckaert2012
posterior-597,STATE_101130000,posterior.trees,true,sample,bayesian,years,Bouckaert2012
posterior-598,STATE_91120000,posterior.trees,true,sample,bayesian,years,Bouckaert2012
posterior-599,STATE_97960000,posterior.trees,true,sample,bayesian,years,Bouckaert2012
posterior-600,STATE_74770000,posterior.trees,true,sample,bayesian,years,Bouckaert2012
posterior-601,STATE_66200000,posterior.trees,true,sample,bayesian,years,Bouckaert2012
posterior-602,STATE_28380000,posterior.trees,true,sample,bayesian,years,Bouckaert2012
posterior-603,STATE_18490000,posterior.trees,true,sample,bayesian,years,Bouckaert2012
posterior-604,STATE_101060000,posterior.trees,true,sample,bayesian,years,Bouckaert2012
posterior-605,STATE_81390000,posterior.trees,true,sample,bayesian,years,Bouckaert2012
posterior-606,STATE_82300000,posterior.trees,true,sample,bayesian,years,Bouckaert2012
posterior-607,STATE_40620000,posterior.trees,true,sample,bayesian,years,Bouckaert2012
posterior-608,STATE_103280000,posterior.trees,true,sample,bayesian,years,Bouckaert2012
posterior-609,STATE_36460000,posterior.trees,true,sample,bayesian,years,Bouckaert2012
posterior-610,STATE_54480000,posterior.trees,true,sample,bayesian,years,Bouckaert2012
posterior-611,STATE_60420000,posterior.trees,true,sample,bayesian,years,Bouckaert2012
posterior-612,STATE_69180000,posterior.trees,true,sample,bayesian,years,Bouckaert2012
posterior-613,STATE_45410000,posterior.trees,true,sample,bayesian,years,Bouckaert2012
posterior-614,STATE_35410000,posterior.trees,true,sample,bayesian,years,Bouckaert2012
posterior-615,STATE_70000000,posterior.trees,true,sample,bayesian,years,Bouckaert2012
posterior-616,STATE_104900000,posterior.trees,true,sample,bayesian,years,Bouckaert2012
posterior-617,STATE_73600000,posterior.trees,true,sample,bayesian,years,Bouckaert2012
posterior-618,STATE_34490000,posterior.trees,true,sample,bayesian,years,Bouckaert2012
posterior-619,STATE_76570000,posterior.trees,true,sample,bayesian,years,Bouckaert2012
posterior-620,STATE_75910000,posterior.trees,true,sample,bayesian,years,Bouckaert2012
posterior-621,STATE_100040000,posterior.trees,true,sample,bayesian,years,Bouckaert2012
posterior-622,STATE_101500000,posterior.trees,true,sample,bayesian,years,Bouckaert2012
posterior-623,STATE_78190000,posterior.trees,true,sample,bayesian,years,Bouckaert2012
posterior-624,STATE_59910000,posterior.trees,true,sample,bayesian,years,Bouckaert2012
posterior-625,STATE_47630000,posterior.trees,true,sample,bayesian,years,Bouckaert2012
posterior-626,STATE_30320000,posterior.trees,true,sample,bayesian,years,Bouckaert2012
posterior-627,STATE_43690000,posterior.trees,true,sample,bayesian,years,Bouckaert2012
posterior-628,STATE_13770000,posterior.trees,true,sample,bayesian,years,Bouckaert2012
posterior-629,STATE_34560000,posterior.trees,true,sample,bayesian,years,Bouckaert2012
posterior-630,STATE_71250000,posterior.trees,true,sample,bayesian,years,Bouckaert2012
posterior-631,STATE_17610000,posterior.trees,true,sample,bayesian,years,Bouckaert2012
posterior-632,STATE_36090000,posterior.trees,true,sample,bayesian,years,Bouckaert2012
posterior-633,STATE_10660000,posterior.trees,true,sample,bayesian,years,Bouckaert2012
posterior-634,STATE_55570000,posterior.trees,true,sample,bayesian,years,Bouckaert2012
posterior-635,STATE_70110000,posterior.trees,true,sample,bayesian,years,Bouckaert2012
posterior-636,STATE_85100000,posterior.trees,true,sample,bayesian,years,Bouckaert2012
posterior-637,STATE_19780000,posterior.trees,true,sample,bayesian,years,Bouckaert2012
posterior-638,STATE_88240000,posterior.trees,true,sample,bayesian,years,Bouckaert2012
posterior-639,STATE_29310000,posterior.trees,true,sample,bayesian,years,Bouckaert2012
posterior-640,STATE_63050000,posterior.trees,true,sample,bayesian,years,Bouckaert2012
posterior-641,STATE_14980000,posterior.trees,true,sample,bayesian,years,Bouckaert2012
posterior-642,STATE_27210000,posterior.trees,true,sample,bayesian,years,Bouckaert2012
posterior-643,STATE_52820000,posterior.trees,true,sample,bayesian,years,Bouckaert2012
posterior-644,STATE_46550000,posterior.trees,true,sample,bayesian,years,Bouckaert2012
posterior-645,STATE_47800000,posterior.trees,true,sample,bayesian,years,Bouckaert2012
posterior-646,STATE_15910000,posterior.trees,true,sample,bayesian,years,Bouckaert2012
posterior-647,STATE_14670000,posterior.trees,true,sample,bayesian,years,Bouckaert2012
posterior-648,STATE_100280000,posterior.trees,true,sample,bayesian,years,Bouckaert2012
posterior-649,STATE_60140000,posterior.trees,true,sample,bayesian,years,Bouckaert2012
posterior-650,STATE_64020000,posterior.trees,true,sample,bayesian,years,Bouckaert2012
posterior-651,STATE_90870000,posterior.trees,true,sample,bayesian,years,Bouckaert2012
posterior-652,STATE_67390000,posterior.trees,true,sample,bayesian,years,Bouckaert2012
posterior-653,STATE_69830000,posterior.trees,true,sample,bayesian,years,Bouckaert2012
posterior-654,STATE_44020000,posterior.trees,true,sample,bayesian,years,Bouckaert2012
posterior-655,STATE_54880000,posterior.trees,true,sample,bayesian,years,Bouckaert2012
posterior-656,STATE_15870000,posterior.trees,true,sample,bayesian,years,Bouckaert2012
posterior-657,STATE_18020000,posterior.trees,true,sample,bayesian,years,Bouckaert2012
posterior-658,STATE_38750000,posterior.trees,true,sample,bayesian,years,Bouckaert2012
posterior-659,STATE_36730000,posterior.trees,true,sample,bayesian,years,Bouckaert2012
posterior-660,STATE_95150000,posterior.trees,true,sample,bayesian,years,Bouckaert2012
posterior-661,STATE_80020000,posterior.trees,true,sample,bayesian,years,Bouckaert2012
posterior-662,STATE_53340000,posterior.trees,true,sample,bayesian,years,Bouckaert2012
posterior-663,STATE_22890000,posterior.trees,true,sample,bayesian,years,Bouckaert2012
posterior-664,STATE_38810000,posterior.trees,true,sample,bayesian,years,Bouckaert2012
posterior-665,STATE_74710000,posterior.trees,true,sample,bayesian,years,Bouckaert2012
posterior-666,STATE_72850000,posterior.trees,true,sample,bayesian,years,Bouckaert2012
posterior-667,STATE_33810000,posterior.trees,true,sample,bayesian,years,Bouckaert2012
posterior-668,STATE_27590000,posterior.trees,true,sample,bayesian,years,Bouckaert2012
posterior-669,STATE_68980000,posterior.trees,true,sample,bayesian,years,Bouckaert2012
posterior-670,STATE_19890000,posterior.trees,true,sample,bayesian,years,Bouckaert2012
posterior-671,STATE_84850000,posterior.trees,true,sample,bayesian,years,Bouckaert2012
posterior-672,STATE_65550000,posterior.trees,true,sample,bayesian,years,Bouckaert2012
posterior-673,STATE_75750000,posterior.trees,true,sample,bayesian,years,Bouckaert2012
posterior-674,STATE_57340000,posterior.trees,true,sample,bayesian,years,Bouckaert2012
posterior-675,STATE_16270000,posterior.trees,true,sample,bayesian,years,Bouckaert2012
posterior-676,STATE_30440000,posterior.trees,true,sample,bayesian,years,Bouckaert2012
posterior-677,STATE_82710000,posterior.trees,true,sample,bayesian,years,Bouckaert2012
posterior-678,STATE_21560000,posterior.trees,true,sample,bayesian,years,Bouckaert2012
posterior-679,STATE_15650000,posterior.trees,true,sample,bayesian,years,Bouckaert2012
posterior-680,STATE_69250000,posterior.trees,true,sample,bayesian,years,Bouckaert2012
posterior-681,STATE_52740000,posterior.trees,true,sample,bayesian,years,Bouckaert2012
posterior-682,STATE_72750000,posterior.trees,true,sample,bayesian,years,Bouckaert2012
posterior-683,STATE_59190000,posterior.trees,true,sample,bayesian,years,Bouckaert2012
posterior-684,STATE_53440000,posterior.trees,true,sample,bayesian,years,Bouckaert2012
posterior-685,STATE_50830000,posterior.trees,true,sample,bayesian,years,Bouckaert2012
posterior-686,STATE_47850000,posterior.trees,true,sample,bayesian,years,Bouckaert2012
posterior-687,STATE_75290000,posterior.trees,true,sample,bayesian,years,Bouckaert2012
posterior-688,STATE_42880000,posterior.trees,true,sample,bayesian,years,Bouckaert2012
posterior-689,STATE_74150000,posterior.trees,true,sample,bayesian,years,Bouckaert2012
posterior-690,STATE_23030000,posterior.trees,true,sample,bayesian,years,Bouckaert2012
posterior-691,STATE_74850000,posterior.trees,true,sample,bayesian,years,Bouckaert2012
posterior-692,STATE_59210000,posterior.trees,true,sample,bayesian,years,Bouckaert2012
posterior-693,STATE_83750000,posterior.trees,true,sample,bayesian,years,Bouckaert2012
posterior-694,STATE_92720000,posterior.trees,true,sample,bayesian,years,Bouckaert2012
posterior-695,STATE_31980000,posterior.trees,true,sample,bayesian,years,Bouckaert2012
posterior-696,STATE_53510000,posterior.trees,true,sample,bayesian,years,Bouckaert2012
posterior-697,STATE_83060000,posterior.trees,true,sample,bayesian,years,Bouckaert2012
posterior-698,STATE_92920000,posterior.trees,true,sample,bayesian,years,Bouckaert2012
posterior-699,STATE_24880000,posterior.trees,true,sample,bayesian,years,Bouckaert2012
posterior-700,STATE_66070000,posterior.trees,true,sample,bayesian,years,Bouckaert2012
posterior-701,STATE_35860000,posterior.trees,true,sample,bayesian,years,Bouckaert2012
posterior-702,STATE_20600000,posterior.trees,true,sample,bayesian,years,Bouckaert2012
posterior-703,STATE_103520000,posterior.trees,true,sample,bayesian,years,Bouckaert2012
posterior-704,STATE_53650000,posterior.trees,true,sample,bayesian,years,Bouckaert2012
posterior-705,STATE_46070000,posterior.trees,true,sample,bayesian,years,Bouckaert2012
posterior-706,STATE_46740000,posterior.trees,true,sample,bayesian,years,Bouckaert2012
posterior-707,STATE_63210000,posterior.trees,true,sample,bayesian,years,Bouckaert2012
posterior-708,STATE_10900000,posterior.trees,true,sample,bayesian,years,Bouckaert2012
posterior-709,STATE_95380000,posterior.trees,true,sample,bayesian,years,Bouckaert2012
posterior-710,STATE_79080000,posterior.trees,true,sample,bayesian,years,Bouckaert2012
posterior-711,STATE_24670000,posterior.trees,true,sample,bayesian,years,Bouckaert2012
posterior-712,STATE_30190000,posterior.trees,true,sample,bayesian,years,Bouckaert2012
posterior-713,STATE_69400000,posterior.trees,true,sample,bayesian,years,Bouckaert2012
posterior-714,STATE_26920000,posterior.trees,true,sample,bayesian,years,Bouckaert2012
posterior-715,STATE_36980000,posterior.trees,true,sample,bayesian,years,Bouckaert2012
posterior-716,STATE_57320000,posterior.trees,true,sample,bayesian,years,Bouckaert2012
posterior-717,STATE_33400000,posterior.trees,true,sample,bayesian,years,Bouckaert2012
posterior-718,STATE_79770000,posterior.trees,true,sample,bayesian,years,Bouckaert2012
posterior-719,STATE_29500000,posterior.trees,true,sample,bayesian,years,Bouckaert2012
posterior-720,STATE_24460000,posterior.trees,true,sample,bayesian,years,Bouckaert2012
posterior-721,STATE_43990000,posterior.trees,true,sample,bayesian,years,Bouckaert2012
posterior-722,STATE_100800000,posterior.trees,true,sample,bayesian,years,Bouckaert2012
posterior-723,STATE_47290000,posterior.trees,true,sample,bayesian,years,Bouckaert2012
posterior-724,STATE_37800000,posterior.trees,true,sample,bayesian,years,Bouckaert2012
posterior-725,STATE_31420000,posterior.trees,true,sample,bayesian,years,Bouckaert2012
posterior-726,STATE_84570000,posterior.trees,true,sample,bayesian,years,Bouckaert2012
posterior-727,STATE_19790000,posterior.trees,true,sample,bayesian,years,Bouckaert2012
posterior-728,STATE_76290000,posterior.trees,true,sample,bayesian,years,Bouckaert2012
posterior-729,STATE_41940000,posterior.trees,true,sample,bayesian,years,Bouckaert2012
posterior-730,STATE_24800000,posterior.trees,true,sample,bayesian,years,Bouckaert2012
posterior-731,STATE_42120000,posterior.trees,true,sample,bayesian,years,Bouckaert2012
posterior-732,STATE_26590000,posterior.trees,true,sample,bayesian,years,Bouckaert2012
posterior-733,STATE_59070000,posterior.trees,true,sample,bayesian,years,Bouckaert2012
posterior-734,STATE_56070000,posterior.trees,true,sample,bayesian,years,Bouckaert2012
posterior-735,STATE_23270000,posterior.trees,true,sample,bayesian,years,Bouckaert2012
posterior-736,STATE_74330000,posterior.trees,true,sample,bayesian,years,Bouckaert2012
posterior-737,STATE_23820000,posterior.trees,true,sample,bayesian,years,Bouckaert2012
posterior-738,STATE_79260000,posterior.trees,true,sample,bayesian,years,Bouckaert2012
posterior-739,STATE_38340000,posterior.trees,true,sample,bayesian,years,Bouckaert2012
posterior-740,STATE_50380000,posterior.trees,true,sample,bayesian,years,Bouckaert2012
posterior-741,STATE_39350000,posterior.trees,true,sample,bayesian,years,Bouckaert2012
posterior-742,STATE_24140000,posterior.trees,true,sample,bayesian,years,Bouckaert2012
posterior-743,STATE_35540000,posterior.trees,true,sample,bayesian,years,Bouckaert2012
posterior-744,STATE_41050000,posterior.trees,true,sample,bayesian,years,Bouckaert2012
posterior-745,STATE_96340000,posterior.trees,true,sample,bayesian,years,Bouckaert2012
posterior-746,STATE_23480000,posterior.trees,true,sample,bayesian,years,Bouckaert2012
posterior-747,STATE_100550000,posterior.trees,true,sample,bayesian,years,Bouckaert2012
posterior-748,STATE_80540000,posterior.trees,true,sample,bayesian,years,Bouckaert2012
posterior-749,STATE_88440000,posterior.trees,true,sample,bayesian,years,Bouckaert2012
posterior-750,STATE_22520000,posterior.trees,true,sample,bayesian,years,Bouckaert2012
posterior-751,STATE_22040000,posterior.trees,true,sample,bayesian,years,Bouckaert2012
posterior-752,STATE_82370000,posterior.trees,true,sample,bayesian,years,Bouckaert2012
posterior-753,STATE_102750000,posterior.trees,true,sample,bayesian,years,Bouckaert2012
posterior-754,STATE_104700000,posterior.trees,true,sample,bayesian,years,Bouckaert2012
posterior-755,STATE_86570000,posterior.trees,true,sample,bayesian,years,Bouckaert2012
posterior-756,STATE_61730000,posterior.trees,true,sample,bayesian,years,Bouckaert2012
posterior-757,STATE_56580000,posterior.trees,true,sample,bayesian,years,Bouckaert2012
posterior-758,STATE_53830000,posterior.trees,true,sample,bayesian,years,Bouckaert2012
posterior-759,STATE_83900000,posterior.trees,true,sample,bayesian,years,Bouckaert2012
posterior-760,STATE_81240000,posterior.trees,true,sample,bayesian,years,Bouckaert2012
posterior-761,STATE_37750000,posterior.trees,true,sample,bayesian,years,Bouckaert2012
posterior-762,STATE_43070000,posterior.trees,true,sample,bayesian,years,Bouckaert2012
posterior-763,STATE_24710000,posterior.trees,true,sample,bayesian,years,Bouckaert2012
posterior-764,STATE_76890000,posterior.trees,true,sample,bayesian,years,Bouckaert2012
posterior-765,STATE_47750000,posterior.trees,true,sample,bayesian,years,Bouckaert2012
posterior-766,STATE_96350000,posterior.trees,true,sample,bayesian,years,Bouckaert2012
posterior-767,STATE_62760000,posterior.trees,true,sample,bayesian,years,Bouckaert2012
posterior-768,STATE_37380000,posterior.trees,true,sample,bayesian,years,Bouckaert2012
posterior-769,STATE_96020000,posterior.trees,true,sample,bayesian,years,Bouckaert2012
posterior-770,STATE_26470000,posterior.trees,true,sample,bayesian,years,Bouckaert2012
posterior-771,STATE_19540000,posterior.trees,true,sample,bayesian,years,Bouckaert2012
posterior-772,STATE_28520000,posterior.trees,true,sample,bayesian,years,Bouckaert2012
posterior-773,STATE_31250000,posterior.trees,true,sample,bayesian,years,Bouckaert2012
posterior-774,STATE_99290000,posterior.trees,true,sample,bayesian,years,Bouckaert2012
posterior-775,STATE_75180000,posterior.trees,true,sample,bayesian,years,Bouckaert2012
posterior-776,STATE_97190000,posterior.trees,true,sample,bayesian,years,Bouckaert2012
posterior-777,STATE_91040000,posterior.trees,true,sample,bayesian,years,Bouckaert2012
posterior-778,STATE_18600000,posterior.trees,true,sample,bayesian,years,Bouckaert2012
posterior-779,STATE_65590000,posterior.trees,true,sample,bayesian,years,Bouckaert2012
posterior-780,STATE_20010000,posterior.trees,true,sample,bayesian,years,Bouckaert2012
posterior-781,STATE_66060000,posterior.trees,true,sample,bayesian,years,Bouckaert2012
posterior-782,STATE_101450000,posterior.trees,true,sample,bayesian,years,Bouckaert2012
posterior-783,STATE_20500000,posterior.trees,true,sample,bayesian,years,Bouckaert2012
posterior-784,STATE_68090000,posterior.trees,true,sample,bayesian,years,Bouckaert2012
posterior-785,STATE_16770000,posterior.trees,true,sample,bayesian,years,Bouckaert2012
posterior-786,STATE_45610000,posterior.trees,true,sample,bayesian,years,Bouckaert2012
posterior-787,STATE_101410000,posterior.trees,true,sample,bayesian,years,Bouckaert2012
posterior-788,STATE_59710000,posterior.trees,true,sample,bayesian,years,Bouckaert2012
posterior-789,STATE_24340000,posterior.trees,true,sample,bayesian,years,Bouckaert2012
posterior-790,STATE_10620000,posterior.trees,true,sample,bayesian,years,Bouckaert2012
posterior-791,STATE_59400000,posterior.trees,true,sample,bayesian,years,Bouckaert2012
posterior-792,STATE_33910000,posterior.trees,true,sample,bayesian,years,Bouckaert2012
posterior-793,STATE_99740000,posterior.trees,true,sample,bayesian,years,Bouckaert2012
posterior-794,STATE_55220000,posterior.trees,true,sample,bayesian,years,Bouckaert2012
posterior-795,STATE_33590000,posterior.trees,true,sample,bayesian,years,Bouckaert2012
posterior-796,STATE_78150000,posterior.trees,true,sample,bayesian,years,Bouckaert2012
posterior-797,STATE_67030000,posterior.trees,true,sample,bayesian,years,Bouckaert2012
posterior-798,STATE_45280000,posterior.trees,true,sample,bayesian,years,Bouckaert2012
posterior-799,STATE_101970000,posterior.trees,true,sample,bayesian,years,Bouckaert2012
posterior-800,STATE_60560000,posterior.trees,true,sample,bayesian,years,Bouckaert2012
posterior-801,STATE_53950000,posterior.trees,true,sample,bayesian,years,Bouckaert2012
posterior-802,STATE_97250000,posterior.trees,true,sample,bayesian,years,Bouckaert2012
posterior-803,STATE_65410000,posterior.trees,true,sample,bayesian,years,Bouckaert2012
posterior-804,STATE_67960000,posterior.trees,true,sample,bayesian,years,Bouckaert2012
posterior-805,STATE_61950000,posterior.trees,true,sample,bayesian,years,Bouckaert2012
posterior-806,STATE_75660000,posterior.trees,true,sample,bayesian,years,Bouckaert2012
posterior-807,STATE_85070000,posterior.trees,true,sample,bayesian,years,Bouckaert2012
posterior-808,STATE_42730000,posterior.trees,true,sample,bayesian,years,Bouckaert2012
posterior-809,STATE_73650000,posterior.trees,true,sample,bayesian,years,Bouckaert2012
posterior-810,STATE_78250000,posterior.trees,true,sample,bayesian,years,Bouckaert2012
posterior-811,STATE_31920000,posterior.trees,true,sample,bayesian,years,Bouckaert2012
posterior-812,STATE_46370000,posterior.trees,true,sample,bayesian,years,Bouckaert2012
posterior-813,STATE_87500000,posterior.trees,true,sample,bayesian,years,Bouckaert2012
posterior-814,STATE_70340000,posterior.trees,true,sample,bayesian,years,Bouckaert2012
posterior-815,STATE_20920000,posterior.trees,true,sample,bayesian,years,Bouckaert2012
posterior-816,STATE_28440000,posterior.trees,true,sample,bayesian,years,Bouckaert2012
posterior-817,STATE_63080000,posterior.trees,true,sample,bayesian,years,Bouckaert2012
posterior-818,STATE_25140000,posterior.trees,true,sample,bayesian,years,Bouckaert2012
posterior-819,STATE_82890000,posterior.trees,true,sample,bayesian,years,Bouckaert2012
posterior-820,STATE_71220000,posterior.trees,true,sample,bayesian,years,Bouckaert2012
posterior-821,STATE_44410000,posterior.trees,true,sample,bayesian,years,Bouckaert2012
posterior-822,STATE_94340000,posterior.trees,true,sample,bayesian,years,Bouckaert2012
posterior-823,STATE_13140000,posterior.trees,true,sample,bayesian,years,Bouckaert2012
posterior-824,STATE_59060000,posterior.trees,true,sample,bayesian,years,Bouckaert2012
posterior-825,STATE_81840000,posterior.trees,true,sample,bayesian,years,Bouckaert2012
posterior-826,STATE_18010000,posterior.trees,true,sample,bayesian,years,Bouckaert2012
posterior-827,STATE_25330000,posterior.trees,true,sample,bayesian,years,Bouckaert2012
posterior-828,STATE_105020000,posterior.trees,true,sample,bayesian,years,Bouckaert2012
posterior-829,STATE_60890000,posterior.trees,true,sample,bayesian,years,Bouckaert2012
posterior-830,STATE_70960000,posterior.trees,true,sample,bayesian,years,Bouckaert2012
posterior-831,STATE_12890000,posterior.trees,true,sample,bayesian,years,Bouckaert2012
posterior-832,STATE_68000000,posterior.trees,true,sample,bayesian,years,Bouckaert2012
posterior-833,STATE_82390000,posterior.trees,true,sample,bayesian,years,Bouckaert2012
posterior-834,STATE_29490000,posterior.trees,true,sample,bayesian,years,Bouckaert2012
posterior-835,STATE_87470000,posterior.trees,true,sample,bayesian,years,Bouckaert2012
posterior-836,STATE_21630000,posterior.trees,true,sample,bayesian,years,Bouckaert2012
posterior-837,STATE_50600000,posterior.trees,true,sample,bayesian,years,Bouckaert2012
posterior-838,STATE_55090000,posterior.trees,true,sample,bayesian,years,Bouckaert2012
posterior-839,STATE_22070000,posterior.trees,true,sample,bayesian,years,Bouckaert2012
posterior-840,STATE_75610000,posterior.trees,true,sample,bayesian,years,Bouckaert2012
posterior-841,STATE_32550000,posterior.trees,true,sample,bayesian,years,Bouckaert2012
posterior-842,STATE_14310000,posterior.trees,true,sample,bayesian,years,Bouckaert2012
posterior-843,STATE_95140000,posterior.trees,true,sample,bayesian,years,Bouckaert2012
posterior-844,STATE_54040000,posterior.trees,true,sample,bayesian,years,Bouckaert2012
posterior-845,STATE_12230000,posterior.trees,true,sample,bayesian,years,Bouckaert2012
posterior-846,STATE_13070000,posterior.trees,true,sample,bayesian,years,Bouckaert2012
posterior-847,STATE_10460000,posterior.trees,true,sample,bayesian,years,Bouckaert2012
posterior-848,STATE_96370000,posterior.trees,true,sample,bayesian,years,Bouckaert2012
posterior-849,STATE_72200000,posterior.trees,true,sample,bayesian,years,Bouckaert2012
posterior-850,STATE_99060000,posterior.trees,true,sample,bayesian,years,Bouckaert2012
posterior-851,STATE_87570000,posterior.trees,true,sample,bayesian,years,Bouckaert2012
posterior-852,STATE_26340000,posterior.trees,true,sample,bayesian,years,Bouckaert2012
posterior-853,STATE_78230000,posterior.trees,true,sample,bayesian,years,Bouckaert2012
posterior-854,STATE_56930000,posterior.trees,true,sample,bayesian,years,Bouckaert2012
posterior-855,STATE_62480000,posterior.trees,true,sample,bayesian,years,Bouckaert2012
posterior-856,STATE_71170000,posterior.trees,true,sample,bayesian,years,Bouckaert2012
posterior-857,STATE_90090000,posterior.trees,true,sample,bayesian,years,Bouckaert2012
posterior-858,STATE_41160000,posterior.trees,true,sample,bayesian,years,Bouckaert2012
posterior-859,STATE_56700000,posterior.trees,true,sample,bayesian,years,Bouckaert2012
posterior-860,STATE_99270000,posterior.trees,true,sample,bayesian,years,Bouckaert2012
posterior-861,STATE_57080000,posterior.trees,true,sample,bayesian,years,Bouckaert2012
posterior-862,STATE_83280000,posterior.trees,true,sample,bayesian,years,Bouckaert2012
posterior-863,STATE_70950000,posterior.trees,true,sample,bayesian,years,Bouckaert2012
posterior-864,STATE_62940000,posterior.trees,true,sample,bayesian,years,Bouckaert2012
posterior-865,STATE_59510000,posterior.trees,true,sample,bayesian,years,Bouckaert2012
posterior-866,STATE_18280000,posterior.trees,true,sample,bayesian,years,Bouckaert2012
posterior-867,STATE_93130000,posterior.trees,true,sample,bayesian,years,Bouckaert2012
posterior-868,STATE_44360000,posterior.trees,true,sample,bayesian,years,Bouckaert2012
posterior-869,STATE_59010000,posterior.trees,true,sample,bayesian,years,Bouckaert2012
posterior-870,STATE_80770000,posterior.trees,true,sample,bayesian,years,Bouckaert2012
posterior-871,STATE_46010000,posterior.trees,true,sample,bayesian,years,Bouckaert2012
posterior-872,STATE_34270000,posterior.trees,true,sample,bayesian,years,Bouckaert2012
posterior-873,STATE_66870000,posterior.trees,true,sample,bayesian,years,Bouckaert2012
posterior-874,STATE_40380000,posterior.trees,true,sample,bayesian,years,Bouckaert2012
posterior-875,STATE_91870000,posterior.trees,true,sample,bayesian,years,Bouckaert2012
posterior-876,STATE_89620000,posterior.trees,true,sample,bayesian,years,Bouckaert2012
posterior-877,STATE_22920000,posterior.trees,true,sample,bayesian,years,Bouckaert2012
posterior-878,STATE_11000000,posterior.trees,true,sample,bayesian,years,Bouckaert2012
posterior-879,STATE_61610000,posterior.trees,true,sample,bayesian,years,Bouckaert2012
posterior-880,STATE_69630000,posterior.trees,true,sample,bayesian,years,Bouckaert2012
posterior-881,STATE_54540000,posterior.trees,true,sample,bayesian,years,Bouckaert2012
posterior-882,STATE_73880000,posterior.trees,true,sample,bayesian,years,Bouckaert2012
posterior-883,STATE_104780000,posterior.trees,true,sample,bayesian,years,Bouckaert2012
posterior-884,STATE_63380000,posterior.trees,true,sample,bayesian,years,Bouckaert2012
posterior-885,STATE_62590000,posterior.trees,true,sample,bayesian,years,Bouckaert2012
posterior-886,STATE_31180000,posterior.trees,true,sample,bayesian,years,Bouckaert2012
posterior-887,STATE_48140000,posterior.trees,true,sample,bayesian,years,Bouckaert2012
posterior-888,STATE_84700000,posterior.trees,true,sample,bayesian,years,Bouckaert2012
posterior-889,STATE_102650000,posterior.trees,true,sample,bayesian,years,Bouckaert2012
posterior-890,STATE_51400000,posterior.trees,true,sample,bayesian,years,Bouckaert2012
posterior-891,STATE_61660000,posterior.trees,true,sample,bayesian,years,Bouckaert2012
posterior-892,STATE_33650000,posterior.trees,true,sample,bayesian,years,Bouckaert2012
posterior-893,STATE_11350000,posterior.trees,true,sample,bayesian,years,Bouckaert2012
posterior-894,STATE_33180000,posterior.trees,true,sample,bayesian,years,Bouckaert2012
posterior-895,STATE_81430000,posterior.trees,true,sample,bayesian,years,Bouckaert2012
posterior-896,STATE_79670000,posterior.trees,true,sample,bayesian,years,Bouckaert2012
posterior-897,STATE_67890000,posterior.trees,true,sample,bayesian,years,Bouckaert2012
posterior-898,STATE_69610000,posterior.trees,true,sample,bayesian,years,Bouckaert2012
posterior-899,STATE_43760000,posterior.trees,true,sample,bayesian,years,Bouckaert2012
posterior-900,STATE_56750000,posterior.trees,true,sample,bayesian,years,Bouckaert2012
posterior-901,STATE_55700000,posterior.trees,true,sample,bayesian,years,Bouckaert2012
posterior-902,STATE_69550000,posterior.trees,true,sample,bayesian,years,Bouckaert2012
posterior-903,STATE_19670000,posterior.trees,true,sample,bayesian,years,Bouckaert2012
posterior-904,STATE_56730000,posterior.trees,true,sample,bayesian,years,Bouckaert2012
posterior-905,STATE_95350000,posterior.trees,true,sample,bayesian,years,Bouckaert2012
posterior-906,STATE_65390000,posterior.trees,true,sample,bayesian,years,Bouckaert2012
posterior-907,STATE_13110000,posterior.trees,true,sample,bayesian,years,Bouckaert2012
posterior-908,STATE_88710000,posterior.trees,true,sample,bayesian,years,Bouckaert2012
posterior-909,STATE_64500000,posterior.trees,true,sample,bayesian,years,Bouckaert2012
posterior-910,STATE_68030000,posterior.trees,true,sample,bayesian,years,Bouckaert2012
posterior-911,STATE_88300000,posterior.trees,true,sample,bayesian,years,Bouckaert2012
posterior-912,STATE_30030000,posterior.trees,true,sample,bayesian,years,Bouckaert2012
posterior-913,STATE_41700000,posterior.trees,true,sample,bayesian,years,Bouckaert2012
posterior-914,STATE_91320000,posterior.trees,true,sample,bayesian,years,Bouckaert2012
posterior-915,STATE_98580000,posterior.trees,true,sample,bayesian,years,Bouckaert2012
posterior-916,STATE_88770000,posterior.trees,true,sample,bayesian,years,Bouckaert2012
posterior-917,STATE_43680000,posterior.trees,true,sample,bayesian,years,Bouckaert2012
posterior-918,STATE_73100000,posterior.trees,true,sample,bayesian,years,Bouckaert2012
posterior-919,STATE_77080000,posterior.trees,true,sample,bayesian,years,Bouckaert2012
posterior-920,STATE_23090000,posterior.trees,true,sample,bayesian,years,Bouckaert2012
posterior-921,STATE_55370000,posterior.trees,true,sample,bayesian,years,Bouckaert2012
posterior-922,STATE_72190000,posterior.trees,true,sample,bayesian,years,Bouckaert2012
posterior-923,STATE_91610000,posterior.trees,true,sample,bayesian,years,Bouckaert2012
posterior-924,STATE_97670000,posterior.trees,true,sample,bayesian,years,Bouckaert2012
posterior-925,STATE_102990000,posterior.trees,true,sample,bayesian,years,Bouckaert2012
posterior-926,STATE_39410000,posterior.trees,true,sample,bayesian,years,Bouckaert2012
posterior-927,STATE_12650000,posterior.trees,true,sample,bayesian,years,Bouckaert2012
posterior-928,STATE_45820000,posterior.trees,true,sample,bayesian,years,Bouckaert2012
posterior-929,STATE_38230000,posterior.trees,true,sample,bayesian,years,Bouckaert2012
posterior-930,STATE_27520000,posterior.trees,true,sample,bayesian,years,Bouckaert2012
posterior-931,STATE_57260000,posterior.trees,true,sample,bayesian,years,Bouckaert2012
posterior-932,STATE_38030000,posterior.trees,true,sample,bayesian,years,Bouckaert2012
posterior-933,STATE_14930000,posterior.trees,true,sample,bayesian,years,Bouckaert2012
posterior-934,STATE_93360000,posterior.trees,true,sample,bayesian,years,Bouckaert2012
posterior-935,STATE_67700000,posterior.trees,true,sample,bayesian,years,Bouckaert2012
posterior-936,STATE_39080000,posterior.trees,true,sample,bayesian,years,Bouckaert2012
posterior-937,STATE_31220000,posterior.trees,true,sample,bayesian,years,Bouckaert2012
posterior-938,STATE_46130000,posterior.trees,true,sample,bayesian,years,Bouckaert2012
posterior-939,STATE_57710000,posterior.trees,true,sample,bayesian,years,Bouckaert2012
posterior-940,STATE_89870000,posterior.trees,true,sample,bayesian,years,Bouckaert2012
posterior-941,STATE_86180000,posterior.trees,true,sample,bayesian,years,Bouckaert2012
posterior-942,STATE_45060000,posterior.trees,true,sample,bayesian,years,Bouckaert2012
posterior-943,STATE_11190000,posterior.trees,true,sample,bayesian,years,Bouckaert2012
posterior-944,STATE_68070000,posterior.trees,true,sample,bayesian,years,Bouckaert2012
posterior-945,STATE_43800000,posterior.trees,true,sample,bayesian,years,Bouckaert2012
posterior-946,STATE_29760000,posterior.trees,true,sample,bayesian,years,Bouckaert2012
posterior-947,STATE_68010000,posterior.trees,true,sample,bayesian,years,Bouckaert2012
posterior-948,STATE_39670000,posterior.trees,true,sample,bayesian,years,Bouckaert2012
posterior-949,STATE_73180000,posterior.trees,true,sample,bayesian,years,Bouckaert2012
posterior-950,STATE_83420000,posterior.trees,true,sample,bayesian,years,Bouckaert2012
posterior-951,STATE_101620000,posterior.trees,true,sample,bayesian,years,Bouckaert2012
posterior-952,STATE_64140000,posterior.trees,true,sample,bayesian,years,Bouckaert2012
posterior-953,STATE_86420000,posterior.trees,true,sample,bayesian,years,Bouckaert2012
posterior-954,STATE_24190000,posterior.trees,true,sample,bayesian,years,Bouckaert2012
posterior-955,STATE_88270000,posterior.trees,true,sample,bayesian,years,Bouckaert2012
posterior-956,STATE_100560000,posterior.trees,true,sample,bayesian,years,Bouckaert2012
posterior-957,STATE_94230000,posterior.trees,true,sample,bayesian,years,Bouckaert2012
posterior-958,STATE_27770000,posterior.trees,true,sample,bayesian,years,Bouckaert2012
posterior-959,STATE_18380000,posterior.trees,true,sample,bayesian,years,Bouckaert2012
posterior-960,STATE_85980000,posterior.trees,true,sample,bayesian,years,Bouckaert2012
posterior-961,STATE_32800000,posterior.trees,true,sample,bayesian,years,Bouckaert2012
posterior-962,STATE_77810000,posterior.trees,true,sample,bayesian,years,Bouckaert2012
posterior-963,STATE_43180000,posterior.trees,true,sample,bayesian,years,Bouckaert2012
posterior-964,STATE_13380000,posterior.trees,true,sample,bayesian,years,Bouckaert2012
posterior-965,STATE_21870000,posterior.trees,true,sample,bayesian,years,Bouckaert2012
posterior-966,STATE_19830000,posterior.trees,true,sample,bayesian,years,Bouckaert2012
posterior-967,STATE_91510000,posterior.trees,true,sample,bayesian,years,Bouckaert2012
posterior-968,STATE_40750000,posterior.trees,true,sample,bayesian,years,Bouckaert2012
posterior-969,STATE_29910000,posterior.trees,true,sample,bayesian,years,Bouckaert2012
posterior-970,STATE_83300000,posterior.trees,true,sample,bayesian,years,Bouckaert2012
posterior-971,STATE_54630000,posterior.trees,true,sample,bayesian,years,Bouckaert2012
posterior-972,STATE_79510000,posterior.trees,true,sample,bayesian,years,Bouckaert2012
posterior-973,STATE_61410000,posterior.trees,true,sample,bayesian,years,Bouckaert2012
posterior-974,STATE_57220000,posterior.trees,true,sample,bayesian,years,Bouckaert2012
posterior-975,STATE_17160000,posterior.trees,true,sample,bayesian,years,Bouckaert2012
posterior-976,STATE_73890000,posterior.trees,true,sample,bayesian,years,Bouckaert2012
posterior-977,STATE_29850000,posterior.trees,true,sample,bayesian,years,Bouckaert2012
posterior-978,STATE_24130000,posterior.trees,true,sample,bayesian,years,Bouckaert2012
posterior-979,STATE_57590000,posterior.trees,true,sample,bayesian,years,Bouckaert2012
posterior-980,STATE_39280000,posterior.trees,true,sample,bayesian,years,Bouckaert2012
posterior-981,STATE_84310000,posterior.trees,true,sample,bayesian,years,Bouckaert2012
posterior-982,STATE_33370000,posterior.trees,true,sample,bayesian,years,Bouckaert2012
posterior-983,STATE_10540000,posterior.trees,true,sample,bayesian,years,Bouckaert2012
posterior-984,STATE_89610000,posterior.trees,true,sample,bayesian,years,Bouckaert2012
posterior-985,STATE_58300000,posterior.trees,true,sample,bayesian,years,Bouckaert2012
posterior-986,STATE_86750000,posterior.trees,true,sample,bayesian,years,Bouckaert2012
posterior-987,STATE_40760000,posterior.trees,true,sample,bayesian,years,Bouckaert2012
posterior-988,STATE_35520000,posterior.trees,true,sample,bayesian,years,Bouckaert2012
posterior-989,STATE_44520000,posterior.trees,true,sample,bayesian,years,Bouckaert2012
posterior-990,STATE_65000000,posterior.trees,true,sample,bayesian,years,Bouckaert2012
posterior-991,STATE_15350000,posterior.trees,true,sample,bayesian,years,Bouckaert2012
posterior-992,STATE_21110000,posterior.trees,true,sample,bayesian,years,Bouckaert2012
posterior-993,STATE_84860000,posterior.trees,true,sample,bayesian,years,Bouckaert2012
posterior-994,STATE_56300000,posterior.trees,true,sample,bayesian,years,Bouckaert2012
posterior-995,STATE_87090000,posterior.trees,true,sample,bayesian,years,Bouckaert2012
posterior-996,STATE_47270000,posterior.trees,true,sample,bayesian,years,Bouckaert2012
posterior-997,STATE_42320000,posterior.trees,true,sample,bayesian,years,Bouckaert2012
posterior-998,STATE_103480000,posterior.trees,true,sample,bayesian,years,Bouckaert2012
posterior-999,STATE_36420000,posterior.trees,true,sample,bayesian,years,Bouckaert2012
posterior-1000,STATE_100790000,posterior.trees,true,sample,bayesian,years,Bouckaert2012
